missingness,data_type,strategy,AUC_mean,AUC_ci_low,AUC_ci_high,Accuracy_mean,Accuracy_ci_low,Accuracy_ci_high,Recall_mean,Recall_ci_low,Recall_ci_high,Precision_mean,Precision_ci_low,Precision_ci_high,Brier_mean,Brier_ci_low,Brier_ci_high
MCAR,synthetic,CCA,0.532876293523313,0.5128786557085521,0.5528739313380739,0.5247499999999999,0.509424128731493,0.5400758712685069,0.5397338726265534,0.4849819320531871,0.5944858131999196,0.5054243017633196,0.4705443724157081,0.5403042311109312,0.2665225187265291,0.2608403347636123,0.2722047026894459
MCAR,synthetic,MI,0.5136643314366371,0.4956227688965852,0.5317058939766891,0.5123861386138614,0.4971835262560969,0.5275887509716259,0.4860573634455473,0.4332901999823192,0.5388245269087754,0.4916746159210163,0.4636973508148067,0.5196518810272259,0.2550599632251497,0.252497630275216,0.25762229617508337
MCAR,synthetic,IND,0.4986145827362087,0.48099386334558514,0.5162353021268322,0.4975000000000001,0.48132196567475743,0.5136780343252428,0.5034017561826756,0.44399829797281426,0.562805214392537,0.4506055191800894,0.4160053055325325,0.4852057328276463,0.2675030935328512,0.26250566353777616,0.2725005235279262
MAR,synthetic,CCA,0.5298630484977359,0.5087500756276525,0.5509760213678193,0.51,0.4934198242248054,0.5265801757751946,0.3973286115065493,0.34233047450092274,0.45232674851217586,0.4625174981682026,0.42022713076048296,0.5048078655759223,0.2681446904560809,0.26202943149591534,0.2742599494162465
MAR,synthetic,MI,0.5192414888152729,0.5007641866088065,0.5377187910217393,0.5171893687707642,0.5023063146155536,0.5320724229259747,0.5008006568027368,0.4485615648982526,0.553039748707221,0.4969294984061176,0.467151232172123,0.5267077646401122,0.2540064340779021,0.25141558961579263,0.2565972785400115
MAR,synthetic,IND,0.5069933190709031,0.4875655657808672,0.5264210723609389,0.5125,0.4982323148245137,0.5267676851754862,0.4304912645951985,0.3714847647864644,0.48949776440393256,0.4408068135203269,0.3971492822602112,0.48446434478044265,0.268936147844917,0.2625809612688743,0.27529133442095965
MNAR,synthetic,CCA,0.5229330331736307,0.5021538854082113,0.5437121809390502,0.51475,0.49828875556081775,0.5312112444391823,0.4195807473617004,0.3636375464683801,0.47552394825502076,0.4662331235650134,0.42543054531550667,0.5070357018145202,0.2681925612779264,0.2617451984471213,0.2746399241087315
MNAR,synthetic,MI,0.5252023825958906,0.5060478234601177,0.5443569417316635,0.520745508982036,0.5054131663776505,0.5360778515864214,0.5123428819602092,0.46081368707904474,0.5638720768413735,0.5062452671187313,0.47655939965402366,0.5359311345834389,0.2533230667280838,0.2505995618087561,0.2560465716474115
MNAR,synthetic,IND,0.506059365918132,0.48692609657007113,0.525192635266193,0.5047499999999999,0.4906718055516366,0.5188281944483633,0.4133545011453949,0.3554361373305522,0.4712728649602376,0.4236972488388288,0.3818456759976613,0.46554882167999634,0.2673860309507145,0.26254944618668075,0.27222261571474826
